eps_num,iter,critic_loss,actor_loss,csc_samples_neg,csc_samples_pos,train_acc,snap_iter,beta_score,main_critic_loss,main_actor_loss,main_beta_score,main_prox_critic,main_prox_actor,main_avg_prox_coef,tidx,avg_rewards,one_raw_reward
200,10000,0.0020215364824252902,-0.044866904616355896,200,216,0.7355769230769231,10,1.0,5.901361604628619e-05,-0.037823879644274715,0.7566477,0.022435963872922002,0.009972888879128733,0.09999999999999998,8,-0.007228812227363506,-0.003099722961925319
200,10000,88.57409677021788,-0.11008854694664479,180,192,0.6935483870967742,10,1.0,0.006929993075245875,-0.06753793209791184,0.81122863,0.27920493674930186,0.008773343510692939,0.09999999999999998,9,99.9985980701903,99.9976771522661
225,15000,0.0027299717112327926,-0.017314179241657256,200,216,0.6706730769230769,10,1.0,0.0001302464320906438,-0.01942301817238331,0.8363821,0.016207593862827708,0.008773363917716779,0.09999999999999998,8,-0.0028565687614877946,-0.0026484432173070204
225,15000,0.0026065319645567795,-0.028054041601717473,200,216,0.6610576923076923,10,1.0,0.0001452587139647221,-0.01886029905639589,0.79082316,0.016401031242075988,0.02383649243158288,0.09999999999999998,9,-0.005592966942891065,-0.002741097726669369
250,20000,0.002374830162443686,-0.007895685418043285,200,216,0.8701923076923077,10,1.0,0.00011846086468722205,-0.0019114775143680162,0.6110255,0.013297157999759293,0.019774048293475063,0.09999999999999998,8,-0.03912335815925452,-0.06305246455302617
250,20000,0.0026296393451048063,-0.00830938583239913,200,216,0.8653846153846154,10,1.0,0.00010555898952588905,-0.001741041340646916,0.5873962,0.014180947584627575,0.007417416101088747,0.09999999999999998,9,-0.030326259265860835,-0.06462166539665917
275,25000,0.0018120778375305235,0.01174139380455017,200,216,0.8004807692307693,10,1.0,0.00010167562606511638,0.010203154291957617,0.6245369,0.011514248883468099,0.015374304618453606,0.09999999999999998,8,-0.026120335762545174,-0.019457867114557343
275,25000,0.0013645038736285642,0.011693932302296161,200,216,0.8293269230769231,10,1.0,0.00010074196601635777,0.010597291616722942,0.6335009,0.011469985002167959,0.021423350864788516,0.09999999999999998,9,-0.01813258819831043,-0.019231677482393208
300,30000,0.0006900862616021186,0.019777171220630406,200,216,0.75,10,1.0,9.689102880656719e-05,0.01873414546251297,0.6432564,0.01254076795927176,0.005726873357780278,0.09999999999999998,8,-0.015358807361248195,-0.018729949986765235
300,30000,725.9108529131394,-0.07439824962057173,33,48,0.5925925925925926,10,1.0,0.01858030531089753,-0.05175251327455044,0.71511364,1.1466859842836856,0.011297401874326169,0.09999999999999998,9,99.9980231031466,99.9978068732449
325,35000,0.0005131316414917819,0.0440208874642849,200,216,0.75,10,1.0,9.455273080675396e-05,0.031403998024761674,0.6774871,0.011765456579687451,0.007822909483802504,0.09999999999999998,8,-0.000730370789288972,-0.017268738263135436
325,35000,411.51495478528085,-0.014801055332645774,34,48,0.5853658536585366,10,1.0,0.011529056337894871,-0.024516096437582745,0.70378244,0.5226142775639891,0.023773654508404435,0.09999999999999998,9,-0.0002444150145461866,99.9980243710978
350,40000,0.00046724121202714743,0.06852746903896331,200,216,0.8221153846153846,10,1.0,0.00015692435321398079,0.08108837395906449,1.1257101,0.006525560202790075,0.01271930623683147,0.09999999999999998,8,-2.729247190845632e-06,-6.40924072082369e-05
350,40000,0.00045985854376340285,0.06913822814822197,200,216,0.7956730769230769,10,1.0,0.0001489790016785264,0.07628507897257805,1.0728325,0.007311494970645071,0.012800155305303634,0.09999999999999998,9,-8.979872174384444e-05,-5.482160950976203e-05
375,45000,0.00033745707041816787,0.07818175256252288,200,216,0.7091346153846154,10,1.0,0.00010600955705740489,0.0639900004118681,0.7533256,0.007327988013748836,0.011456498324405403,0.09999999999999998,8,-0.0006947768095734936,-0.00409877994096957
375,45000,428.6985637826612,0.025121428584679962,56,72,0.5390625,10,1.0,0.00789134893217124,0.01629657744895667,0.8115095,0.4107328691333532,0.00782321467064321,0.09999999999999998,9,-0.0006587112024228058,99.99866909400839
400,50000,0.00038066745546530003,0.09466145783662797,200,216,0.7235576923076923,10,1.0,0.00010179707336646971,0.07093650326132775,0.6943594,0.005510635786204148,0.012997411290416493,0.09999999999999998,8,-0.0019786279219091945,-0.003020707765992812
400,50000,759.3947179237381,0.03732252013869584,29,40,0.5797101449275363,10,1.0,0.008966342096682638,0.013688341859960929,0.74726295,0.5521927179396152,0.01657069813576527,0.09999999999999998,9,99.99788895312138,99.99854708105525
425,55000,0.0003823462917353027,0.11593270748853683,200,216,0.7524038461538461,10,1.0,0.00010261679737595841,0.08542492896318436,0.7192919,0.004930390504632669,0.006644785999669694,0.09999999999999998,8,-0.007936219946517737,-0.014950013593639247
425,55000,645.7358339575352,0.051170279271900654,31,40,0.5492957746478874,10,1.0,0.011405233663972468,0.02083549991250038,0.7863263,0.530365696400404,0.011642039926955476,0.09999999999999998,9,99.99597090503286,99.99855494618612
450,60000,0.00037813500530319287,0.1317951962351799,200,216,0.7067307692307693,10,1.0,0.0001043908778228797,0.09904711067676544,0.7266534,0.003446746912668459,0.0033852408395614476,0.09999999999999998,8,-0.005720392250857879,-0.0028710720586508235
450,60000,316.54343609634526,0.10025001764297485,38,48,0.5465116279069767,10,1.0,0.006435434826416894,0.05192621633410454,0.8101578,0.17058254921808838,0.006823367131873965,0.09999999999999998,9,99.99526595891628,99.99907142832151
475,65000,0.0004239908346789889,0.14653562307357787,200,216,0.7475961538461539,10,1.0,0.0001003868648695061,0.10438244745135307,0.67820656,0.002770539949469821,0.008232666057883762,0.09999999999999998,8,-0.018341171075446364,-0.013448881233922669
475,65000,584.3748436206137,0.1066107615828514,24,40,0.625,10,1.0,0.011729591905605049,0.021411810732097365,0.59438694,0.4716546325013041,0.004102717679925263,0.09999999999999998,9,99.99412090211013,99.99770981742266
500,70000,0.0004314444333431311,0.16187820136547088,200,216,0.7572115384615384,10,1.0,0.00010356781691370997,0.11845099240541458,0.7288602,0.002301883717573219,0.0041734992960118684,0.09999999999999998,8,-0.014161779589739623,-0.009117778599498676
500,70000,294.8887762552957,0.1366144150495529,34,48,0.5853658536585366,10,1.0,0.006175998999970034,0.06596532471477985,0.70548326,0.16326777369715273,0.0034389636252308265,0.09999999999999998,9,99.99719902942542,99.998098658223
525,75000,0.00044733267568517474,0.17650226056575774,200,216,0.6995192307692307,10,1.0,0.00010324643109925091,0.1312090852856636,0.75385934,0.002834186218024115,0.005110310715681407,0.09999999999999998,8,-0.005091240675880621,-0.007274283716955459
525,75000,962.6362998295372,0.132188081741333,25,40,0.6153846153846154,10,1.0,0.014540665582753718,0.03382816156372428,0.64534295,0.6594010607898235,0.006426993012428284,0.09999999999999998,9,99.99310075143231,99.99755688624568
550,80000,0.00039816838252590967,0.19092347621917724,200,216,0.8557692307692307,10,1.0,0.0001577981076843571,0.2157933396100998,1.1565243,0.0018260272206043738,0.008261126707075163,0.09999999999999998,8,-0.0003038893495524484,-8.829840141185649e-05
550,80000,0.00040892480174079535,0.1913627952337265,200,216,0.8485576923076923,10,1.0,0.00016229963817750105,0.22209961026906966,1.1999986,0.0016361413505546806,0.007147580714081414,0.09999999999999998,9,-0.0008319614203781538,-8.898587259231561e-05
575,85000,0.0004888531009783037,0.20607841908931732,200,216,0.7139423076923077,10,1.0,0.00010361355802160688,0.1485290125012398,0.7308034,0.0023246822008240998,0.0077994086954277005,0.09999999999999998,8,-0.006335320678108012,-0.005745111859828614
575,85000,836.1485109406,0.1621157705783844,24,40,0.59375,10,1.0,0.015786688905209303,0.047962454855442045,0.6353983,0.5284904414415359,0.0038719408167526125,0.09999999999999998,9,99.99465361233496,99.99808769634747
600,90000,0.00042213415290461855,0.22226012647151946,200,216,0.5504807692307693,10,1.0,0.00012964074092451484,0.20336388260126115,0.9213282,0.0029627467485897796,0.008609576922026463,0.09999999999999998,8,-0.006187718688522989,-0.005748444413468036
600,90000,129.77433679520618,0.13115722686052322,170,184,0.5310734463276836,10,1.0,0.009105193945870269,0.15656328529119493,0.94741184,0.18616352127399297,0.0034013654408045113,0.09999999999999998,9,-0.006949954944411842,99.99594101317966
625,95000,0.0004507301244302653,0.22716161608695984,200,216,0.78125,10,1.0,0.00011366266284312587,0.18770819783210754,0.83072567,0.002276304521747079,0.0036809836004977115,0.09999999999999998,8,-0.0021437483616986316,-0.0028308630131141516
625,95000,859.5585861596279,0.14475485533475876,28,40,0.5882352941176471,10,1.0,0.022755923932418227,0.060928032957017424,0.7075275,0.6752882447838783,0.008763714297674596,0.09999999999999998,9,-0.016594833130892894,99.9985123576166
650,100000,0.0004968339853803627,0.2560765385627747,200,216,0.7884615384615384,10,1.0,0.00010666399146430194,0.19199879348278046,0.75126064,0.002692342530026508,0.003949638585618231,0.09999999999999998,8,-0.0021549675580493587,-0.0019556161992944758
650,100000,358.4236037833267,0.1847635328769684,28,40,0.5882352941176471,10,1.0,0.015742094612214715,0.09582224152982236,0.69951355,0.27507958594709636,0.008922946066595614,0.09999999999999998,9,-0.0023892939011493004,99.99847174534621
675,105000,0.00046506952348863707,0.3100350022315979,200,216,0.6971153846153846,10,1.0,0.00012088025709090288,0.2622514307498932,0.8339632,0.0020174012118150133,0.004114103757310659,0.09999999999999998,8,-0.0016017967137745106,-0.0013888509754684994
675,105000,254.0961418783758,0.23216376304626465,87,96,0.46994535519125685,10,1.0,0.017510135881311725,0.19237759128212928,0.8875712,0.2092270813975483,0.008974730183836073,0.09999999999999998,9,-0.017012613392885213,99.99829573422753
700,110000,0.0005658617345034144,0.3686874270439148,200,216,0.7956730769230769,10,1.0,0.00013908932814956642,0.34076220452785494,0.9173342,0.0022450352909845605,0.001045538175603724,0.09999999999999998,8,-0.0002647814750213507,-0.00010242790738672718
700,110000,0.0005747874296503141,0.3686892926692963,200,216,0.7644230769230769,10,1.0,0.00012739647456328385,0.31651541233062747,0.84576494,0.003182779171893344,0.0036057268429431134,0.09999999999999998,9,-0.00022490002035704766,-0.0002831257744691587
725,115000,0.0006305876231635921,0.41444753408432006,200,216,0.8076923076923077,10,1.0,0.00013037153425102588,0.35532414317131045,0.8511909,0.0030892945834466445,0.003488578991236864,0.09999999999999998,8,-0.00015965172036900766,-9.72203983375514e-05
725,115000,0.0005894782741961535,0.4086308777332306,200,216,0.7932692307692307,10,1.0,0.00013066449406323955,0.36255608081817625,0.8592247,0.002185106657561846,0.0040693737822584805,0.09999999999999998,9,-0.0003096197365653592,-2.142187851014171e-05
750,120000,0.0006426550142350606,0.4547846674919128,200,216,0.8100961538461539,10,1.0,0.00013897582146455534,0.4138374829292297,0.91250694,0.003372887743444153,0.0005715380084438948,0.09999999999999998,8,-0.00013428141278618217,-4.115403325139759e-05
750,120000,0.0006256787855818402,0.454097181558609,200,216,0.8028846153846154,10,1.0,0.0001340796130534727,0.3988126343488693,0.8880354,0.0028474536747125968,0.005237349297385663,0.09999999999999998,9,-9.04665054129775e-05,-6.852572379215108e-05
775,125000,0.0005304391714162193,0.48247910737991334,200,216,0.7524038461538461,10,1.0,0.00011472276535641868,0.37855109810829163,0.76743495,0.0019326043628097977,0.006906108015973586,0.09999999999999998,8,-0.001727220676450375,-0.005198767107889926
775,125000,223.9803358280682,0.391289484500885,63,72,0.43703703703703706,10,1.0,0.025190590907732256,0.328779025375843,0.8762244,0.18663322377949954,0.0031563603424001486,0.09999999999999998,9,-0.0002690933209742165,99.99875394065435
800,130000,0.0006396558528649621,0.5152269899845123,200,216,0.5144230769230769,10,1.0,0.00014162002116790973,0.4734588122367859,0.91916215,0.0032698863298901413,0.0021057421402656475,0.09999999999999998,8,-0.0003115236573953799,-0.0014623712125430071
800,130000,0.0006236686873307917,0.5218111932277679,200,216,0.4639423076923077,10,1.0,0.00012903262591862586,0.4484615832567215,0.8622775,0.0032636124749842567,0.0010639218098367565,0.09999999999999998,9,-0.00039516155813008896,-0.00024695292399061556
825,135000,0.0006284582341322675,0.5431295394897461,200,216,0.8100961538461539,10,1.0,0.00014314230771560687,0.5110668104887008,0.92150915,0.002700261518784828,0.0013216509786434473,0.09999999999999998,8,-8.40699403132488e-05,-0.001018714876818573
825,135000,0.0006087711924919858,0.5425593137741089,200,216,0.8149038461538461,10,1.0,0.00014146488625556232,0.5050389415025711,0.9286348,0.002274240998563073,0.002008580653637182,0.09999999999999998,9,-0.0002214117191727556,-0.0015691121896381696
850,140000,0.0006315457954769954,0.5740592956542969,200,216,0.59375,10,1.0,0.00013310283633472864,0.499203599691391,0.85638314,0.003330390131131935,0.0011727149691432715,0.09999999999999998,8,-0.0008814006939065513,-0.0014857119389898273
850,140000,0.0006395808413799386,0.5744328379631043,200,216,0.5504807692307693,10,1.0,0.00013325653912033887,0.5008444392681122,0.8643633,0.003128915234701708,0.0010324873226636555,0.09999999999999998,9,-0.0011252726993605014,-0.0015302166880559484
875,145000,0.0007075536210322753,0.5951856374740601,200,216,0.7115384615384616,10,1.0,0.00013889281799492892,0.5174103724956512,0.8624071,0.004013373219549976,0.0019202972603670787,0.09999999999999998,8,-0.002841225057068788,-0.0012037517939502878
875,145000,0.0007064472767524422,0.5956459522247315,200,216,0.5961538461538461,10,1.0,0.00013795901177218183,0.5174295341968537,0.887846,0.003952885942981084,0.000720848778510117,0.09999999999999998,9,-0.001712877543658888,-0.0017864150670038382
900,150000,0.000625606310495641,0.6079116344451905,200,216,0.7620192307692307,10,1.0,0.0001365513775817817,0.5443550968170165,0.8965608,0.0027102551541474894,0.0033035165395995138,0.09999999999999998,8,-0.004026192696613566,-0.0026384724678789385
900,150000,0.0006973194438614882,0.608352518081665,200,216,0.6490384615384616,10,1.0,0.00013810277901939118,0.544750736951828,0.92150164,0.002245652420751867,0.002555963422637433,0.09999999999999998,9,-0.0036723913785691605,-0.008265667873080793
925,155000,0.0006995222080149688,0.6311758637428284,200,216,0.5360576923076923,10,1.0,0.0001462537420593435,0.5762498295307159,0.9098855,0.002891504283179529,0.0009503872392087942,0.09999999999999998,8,-0.008542436110455902,-0.006291035089802319
925,155000,0.0007265947773703374,0.6317175388336181,200,216,0.45913461538461536,10,1.0,0.00014262119482737036,0.5759669589996338,0.91879594,0.0033937441068519546,0.0011770458234241232,0.09999999999999998,9,-0.006902656040141824,-0.008893071048391406
950,160000,0.0006176447961479426,0.639592456817627,200,216,0.46634615384615385,10,1.0,0.0001433852066111285,0.5990609681606293,0.9320313,0.0016535046919489106,0.003138971003354527,0.09999999999999998,8,-0.004210521327145655,-0.004609274741825855
950,160000,0.0006389430753188207,0.6398696064949035,200,216,0.43509615384615385,10,1.0,0.00013673303838004358,0.571974823474884,0.8938986,0.002308572554029524,0.0007966100662451936,0.09999999999999998,9,-0.003995697613596865,-0.005282117219755535
975,165000,0.0007123784918803722,0.6605312347412109,200,216,0.5769230769230769,10,1.0,0.00012448482710169628,0.5503633046150207,0.871455,0.002876065347604708,0.006466814056620933,0.09999999999999998,8,-0.0021931333566162525,-0.010554754021229743
975,165000,0.0007326716360694264,0.6590007185935974,200,216,0.4495192307692308,10,1.0,0.00013600183905509766,0.5757823967933655,0.8850676,0.0032754065920471477,0.003986848890490364,0.09999999999999998,9,-0.003790171900231886,-0.0010990729174960626
1000,170000,0.0007040706885163672,0.6647083163261414,200,216,0.3389423076923077,10,1.0,0.00013713366759475322,0.5838949179649353,0.8674574,0.003491727109812928,0.0019181419898814055,0.09999999999999998,8,-0.0032581942681086068,-0.0007955643982886952
1000,170000,0.0006854651393950917,0.6648415684700012,200,216,0.3317307692307692,10,1.0,0.0001391230311128311,0.5833394944667816,0.8772365,0.0029592729065643654,0.003464234953571577,0.09999999999999998,9,-0.0015190637551033104,-0.0004042590291104532
1025,175000,0.0006365964800352231,0.6747652411460876,200,216,0.35096153846153844,10,1.0,0.00013614879353553987,0.5973476672172546,0.88248426,0.0029302542135155817,0.003930414849892258,0.09999999999999998,8,-0.0017267749271527727,-0.0036113579813027165
1025,175000,0.0006103924024500884,0.674390721321106,200,216,0.44711538461538464,10,1.0,0.00013413697124633472,0.5963260912895203,0.88402796,0.002732603329845915,0.002243135301832808,0.09999999999999998,9,-0.0026246712332331046,-0.005282572489579652
1050,180000,0.0006901209751958958,0.6841378688812256,200,216,0.4807692307692308,10,1.0,0.00014360869005031418,0.6300366401672364,0.91687644,0.003174820283347799,0.0013597147130349186,0.09999999999999998,8,-0.006583984566431356,-0.006079297179304985
1050,180000,0.0006804196018492803,0.6835146307945251,200,216,0.37259615384615385,10,1.0,0.00013654711845447308,0.6063752961158753,0.8801004,0.0025915666866785612,0.004936314547376241,0.09999999999999998,9,-0.002512113564588344,-0.0035174422970637646
1075,185000,0.0007357374139246531,0.6986372590065002,200,216,0.6418269230769231,10,1.0,0.00013153780237189493,0.5892272937297821,0.8466816,0.0036059871017027944,0.0037525191700842698,0.09999999999999998,8,-0.002710482656380898,-0.0017552058810960947
1075,185000,0.0006727708081598393,0.6921734929084777,200,216,0.7716346153846154,10,1.0,0.00013150912687706295,0.6004010009765625,0.8683504,0.0030603447664407212,0.0038725548841466663,0.09999999999999998,9,-0.005486984081571064,-0.0004339110849259009
1100,190000,0.0006359870225423947,0.6992889285087586,200,216,0.8173076923076923,10,1.0,0.0001384535048418911,0.6199639248847961,0.90307295,0.0029849457590717067,0.0020205757378425914,0.09999999999999998,8,-0.0013550090137480725,-5.622473767567108e-05
1100,190000,0.0006990354027948342,0.6999199867248536,200,216,0.6418269230769231,10,1.0,0.00013184525654651223,0.5981293046474456,0.87075174,0.0035389381211780348,0.0018526484296307899,0.09999999999999998,9,-0.001629005713427369,-0.00042915062539013377
1125,195000,0.0006464724443503656,0.705009651184082,200,216,0.6105769230769231,10,1.0,0.00014439798942476046,0.6551629376411437,0.9325649,0.0030551252134409877,0.0016515348639222793,0.09999999999999998,8,-0.0022267706680092645,-0.004046580263487576
1125,195000,0.0006912628319696523,0.705466914176941,200,216,0.7956730769230769,10,1.0,0.00014021262861206197,0.6314052832126618,0.900153,0.0030485437507195455,0.0005696928986435524,0.09999999999999998,9,24.996797239747732,-0.0003517676126374993
1150,200000,0.0006866307347081601,0.7171542525291443,200,216,0.8293269230769231,10,1.0,0.00014452862247708254,0.6691622626781464,0.92761344,0.003640936686697387,0.0003751997464132728,0.09999999999999998,8,-0.002007346302882545,-0.00016776678036586724
1150,200000,0.0006985380634432659,0.71702800989151,200,216,0.8100961538461539,10,1.0,0.00015538617823040112,0.6874446511268616,0.94879615,0.002976610575178711,0.0028124655206920577,0.09999999999999998,9,-0.0010433130814906375,-7.081857253012673e-05
1175,205000,0.000583687775360886,0.7221163153648377,200,216,0.5456730769230769,10,1.0,0.00014170184040267485,0.6799249386787415,0.93966925,0.002621656684275422,0.0009013858055550373,0.09999999999999998,8,-0.002185615779435878,-0.003172781350096249
1175,205000,0.0006723500264342874,0.7216926455497742,200,216,0.4831730769230769,10,1.0,0.00013013611744099762,0.6233632326126098,0.86239684,0.0032023120091025704,0.0005275637331942562,0.09999999999999998,9,24.997553386265203,-0.002751011263955042
1200,210000,0.0005816779303131625,0.7271898865699769,200,216,0.6009615384615384,10,1.0,0.0001326571339450311,0.6349703574180603,0.8749062,0.003316124568464147,0.0008158590298262424,0.09999999999999998,8,-0.0012069845561137682,-0.0018577908346329853
1200,210000,0.0005646936828270554,0.7193790793418884,200,216,0.6201923076923077,10,1.0,0.00013648311418364755,0.6554276955127716,0.9323168,0.00219450094912645,0.0026956554118078204,0.09999999999999998,9,-0.0013263534546649526,-0.001848595927243086
1225,215000,0.0006342276086797938,0.7229464054107666,200,216,0.5865384615384616,10,1.0,0.0001438317887368612,0.6711997759342193,0.92343295,0.002889409350254937,0.001261894194976776,0.09999999999999998,8,-0.002763009824585598,-0.00345106984281885
1225,215000,0.0006156871939310804,0.7233190655708313,200,216,0.6201923076923077,10,1.0,0.00014040834794286637,0.6642102324962615,0.91536105,0.0028077042382255966,0.0006186695905489614,0.09999999999999998,9,-0.0011563267931578858,-0.0033945444812317465
1250,220000,0.0006946159657672979,0.7328215718269349,200,216,0.5913461538461539,10,1.0,0.0001390091203938937,0.6580552721023559,0.909201,0.003861842717406034,0.0008828698102297494,0.09999999999999998,8,-0.004244169412397504,-0.0012504782632969309
1250,220000,0.0006658868107479066,0.7328473567962647,200,216,0.6009615384615384,10,1.0,0.0001379476262809476,0.6631835269927978,0.9063218,0.003613696470602008,0.0018746394057234284,0.09999999999999998,9,-0.003835230754925051,-0.003973383958388971
1275,225000,0.0006142274403828196,0.7299073100090027,200,216,0.5721153846153846,10,1.0,0.00013350273431569803,0.6443877243995666,0.88217515,0.002616125157401257,0.002844869854598073,0.09999999999999998,8,-0.0034304054851614515,-0.003540771742501323
1275,225000,0.0005922106007346884,0.7297626614570618,200,216,0.5793269230769231,10,1.0,0.00012732346614939162,0.6161582863330841,0.8454258,0.0029958704690125158,0.0031738452245190273,0.09999999999999998,9,-0.0010949692154527326,-0.0040821306326335755
1300,230000,0.0006012568133883178,0.7389370918273925,200,216,0.5192307692307693,10,1.0,0.00014207045598595868,0.6822191107273102,0.927248,0.00304033863978475,0.0014009272289695219,0.09999999999999998,8,-0.004437334557235297,-0.00415456038062842
1300,230000,0.0005878978117834777,0.7390393257141114,200,216,0.44471153846153844,10,1.0,0.0001341412741021486,0.6559013938903808,0.88748324,0.0029302917237782823,0.0013222014521306847,0.09999999999999998,9,-0.0014493343932026905,-0.0038762852809654438
1325,235000,0.0006017463208991102,0.7342515230178833,200,216,0.49038461538461536,10,1.0,0.00013907299333368428,0.6746828663349151,0.9161975,0.0030621042687562295,0.0011502025984373176,0.09999999999999998,8,-0.004887009154489779,-0.005514518086889671
1325,235000,227.70574143205303,0.641552472114563,89,104,0.538860103626943,10,1.0,0.02627526805328671,0.5329595386981965,0.8616543,0.12720801549032332,0.0015510712467948905,0.09999999999999998,9,-0.004738971904538189,99.99689531878747
1350,240000,0.0005583305930485949,0.7366230249404907,200,216,0.4110576923076923,10,1.0,0.0001373514077567961,0.6681339037418366,0.9073909,0.002609030382002402,0.0012902696592209395,0.09999999999999998,8,-0.0041108824082865805,-0.004903793892596643
1350,240000,0.0005743155241361819,0.7365278959274292,200,216,0.41586538461538464,10,1.0,0.00013738711961195805,0.6684894847869873,0.9009186,0.002668483040743013,0.002053503753413679,0.09999999999999998,9,-0.004849775572873016,-0.00312216695545469
1375,245000,0.0006028279982274398,0.743843674659729,200,216,0.7884615384615384,10,1.0,0.00012986893125344068,0.6378805792331695,0.87222135,0.003057065247562605,0.0018034680753771682,0.09999999999999998,8,-0.0030289722953313436,-0.0027830897239096903
1375,245000,374.89793237559496,0.6071587800979614,54,64,0.4491525423728814,10,1.0,0.05422311645699665,0.4721886974573135,0.8454623,0.29857450239360334,0.0028835879568941893,0.09999999999999998,9,74.99781283581723,99.99856199841409
1400,250000,0.0005903828045120463,0.7455894589424134,200,216,0.7596153846153846,10,1.0,0.00012489511173043865,0.6139139449596405,0.8189626,0.002832674413436962,0.004398124261788325,0.09999999999999998,8,-0.002308043967200716,-0.0012466997215621366
1400,250000,469.939411958307,0.6038705468177795,56,72,0.4609375,10,1.0,0.07009560462785885,0.4096474874019623,0.7878345,0.38947730340063574,0.0018224715400720014,0.09999999999999998,9,99.99823727699192,99.99851099164476
1425,255000,0.0006104862448410131,0.7469061613082886,200,216,0.7307692307692307,10,1.0,0.0001518981713888934,0.7180204641819,0.96230507,0.0029391288513943435,0.0006899657133908477,0.09999999999999998,8,-0.006739620095135516,-0.00908142399792421
1425,255000,493.4135917462205,0.6824791431427002,37,48,0.5058823529411764,10,1.0,0.037212248416617515,0.46043765246868135,0.7971572,0.22277980469167233,0.003159172581799794,0.09999999999999998,9,-0.0022105665313257965,99.99841793677307
1450,260000,0.0005495471530593931,0.7482821106910705,200,216,0.5192307692307693,10,1.0,0.00014135224046185613,0.6901202154159546,0.9216358,0.0029286615957312277,0.001253500894017634,0.09999999999999998,8,-0.003995346340543116,-0.004433525344150632
1450,260000,598.3829086460173,0.6213002800941467,44,56,0.56,10,1.0,0.06313164486084133,0.40505306005477903,0.7811073,0.3620976713299751,0.0032575225245091133,0.09999999999999998,9,99.99747544937583,99.99827329558313
1475,265000,0.0005088530015200377,0.7436902403831482,200,216,0.5432692307692307,10,1.0,0.00013706324527447576,0.6754748380184173,0.90687,0.002175457384337278,0.0017551484801515472,0.09999999999999998,8,-0.002702925887006751,-0.0034594080538047065
1475,265000,0.0005185186062590219,0.7434558153152466,200,216,0.6298076923076923,10,1.0,0.00014918946144462097,0.7380094802379609,0.99404556,0.0019022907327644134,0.001247573860528064,0.09999999999999998,9,99.99734105577733,-0.0027580208720626447
1500,270000,0.0005676888686139137,0.7447645783424377,200,216,0.7788461538461539,10,1.0,0.00015653364549507388,0.7608959770202637,1.0246946,0.002625444977443294,0.0009430688820430078,0.09999999999999998,8,-0.0012709781307939062,-0.0005626737944181465
1500,270000,138.7886946476996,0.6277021169662476,146,160,0.6111111111111112,10,1.0,0.020856035961187444,0.6400188028812408,0.9582833,0.11867484204936772,0.002922108573402511,0.09999999999999998,9,49.99830856522951,99.99795316299266
1525,275000,0.0005252293223747984,0.7518503189086914,200,216,0.43509615384615385,10,1.0,0.0001386196265957551,0.691543380022049,0.9228014,0.003105711001171585,0.002767726951133227,0.09999999999999998,8,-0.0026858112955408767,-0.003055251969328157
1525,275000,297.8421667544171,0.6274567365646362,102,112,0.5046728971962616,10,1.0,0.042236465670284815,0.5669412779808044,0.9338064,0.24074316665530204,0.0025869447556033263,0.09999999999999998,9,99.99755029745901,99.99811692625823
1550,280000,0.000568164097785484,0.7468027114868164,200,216,0.8028846153846154,10,1.0,0.0001452778656675946,0.7133534240722657,0.9331072,0.003089078159973724,0.0015585010812355904,0.09999999999999998,8,-0.0008331625448597051,-0.0018539741688949148
1550,280000,0.0005621313146548345,0.7518365144729614,200,216,0.8028846153846154,10,1.0,0.00014855519439151976,0.7311244142055512,0.97738075,0.0028347623498348185,0.00024349078867089702,0.09999999999999998,9,-0.0008668814318480148,-3.3709795675176955e-05
1575,285000,0.0005502129046362825,0.7461357116699219,200,216,0.8149038461538461,10,1.0,0.00014465571839537006,0.7143992042541504,0.9644581,0.0031864111411209705,0.002975024091429077,0.09999999999999998,8,-0.0010609824797412825,-0.000490938455506934
1575,285000,0.0005467474009492434,0.746140992641449,200,216,0.7932692307692307,10,1.0,0.00013649013388203457,0.6696653270721435,0.8746827,0.003325021907219252,0.001303775467677042,0.09999999999999998,9,-0.0003435250355787805,-0.00023529687011937888
1600,290000,0.0006065729423426092,0.7527390003204346,200,216,0.8052884615384616,10,1.0,0.00012717486861220096,0.6328255903720855,0.8478079,0.0029882946477755466,0.0005375371147601981,0.09999999999999998,8,-0.0012206713488702812,-0.0005148418115008794
1600,290000,0.0005828840628964826,0.753059196472168,200,216,0.7620192307692307,10,1.0,0.00012703696360404136,0.6422082912921906,0.87901986,0.0027052660276854113,0.0005569585055127391,0.09999999999999998,9,-0.0006180606658151215,-0.0008492027781062011
1625,295000,0.00046827871483401395,0.7541833519935608,200,216,0.6778846153846154,10,1.0,0.00010419241247291212,0.5472538709640503,0.7150901,0.0030662686882124033,0.003266419153951574,0.09999999999999998,8,-0.003734173809390886,-0.003027952435128084
1625,295000,0.0005664008698659017,0.7468268513679505,200,216,0.7403846153846154,10,1.0,0.00010750100562290755,0.5492472434043885,0.7257182,0.002345232836512423,0.002282843486464117,0.09999999999999998,9,-0.0039027915930136196,-0.002963044246130837
1650,300000,0.0005771900643594563,0.7545316576957702,200,216,0.5913461538461539,10,1.0,0.00010633609199430793,0.5466794514656067,0.7368409,0.0027059480868956596,0.0015834244069992565,0.09999999999999998,8,-0.004336144414987949,-0.005039989959893179
1650,300000,0.0005460525222588331,0.7542247295379638,200,216,0.6778846153846154,10,1.0,0.00010280977512593381,0.5346867656707763,0.7156698,0.002538154822721026,0.0015720519243041054,0.09999999999999998,9,-0.004321942977746449,-0.004184184265660356
1675,305000,0.0005618822659016586,0.7487560391426087,200,216,0.3629807692307692,10,1.0,0.00012520245589257685,0.6256735396385192,0.836449,0.003127028414680808,0.000847100797764142,0.09999999999999998,8,-0.0013133915813493262,-0.0011870497754919312
1675,305000,0.0005058491602540016,0.7549805521965027,200,216,0.3557692307692308,10,1.0,0.0001258858786604833,0.6265101420879364,0.838315,0.0031167589860910993,0.0001941514729151095,0.09999999999999998,9,-0.0011298953434036529,-0.0011626957798969192
1700,310000,0.0004958452467690222,0.7546733498573304,200,216,0.4519230769230769,10,1.0,0.00014378721432876774,0.7310234546661377,0.9752561,0.0025005638567927235,0.0023725197900785135,0.09999999999999998,8,-0.0002015718771244964,-0.000275270233289477
1700,310000,0.0004994818707928061,0.7541216611862183,200,216,0.5192307692307693,10,1.0,0.0001349414698779583,0.6824957466125489,0.906209,0.002779267397950207,0.0020633839291986076,0.09999999999999998,9,-0.00034443869918819684,-0.00019666956553249907
1725,315000,0.0005323628312908113,0.754668366909027,200,216,0.3605769230769231,10,1.0,0.00014968345974921248,0.7566505777835846,1.0055506,0.002676793067230392,0.00019744042983802502,0.09999999999999998,8,-0.001877496454888416,-0.0011944723155708577
1725,315000,0.0005209842660406139,0.749327540397644,200,216,0.4230769230769231,10,1.0,0.00014369785349117593,0.7254436469078064,0.9639679,0.003180571590460204,0.0007159572443924845,0.09999999999999998,9,-0.00180150557917399,-0.0011300540031988983
1750,320000,0.0004922184787574224,0.7488769650459289,200,216,0.33413461538461536,10,1.0,0.0001231470991479,0.6505850303173065,0.8581697,0.0025308782387514837,0.0019926312325696926,0.09999999999999998,8,-0.0007076370853061346,-1.931262326875389e-05
1750,320000,0.0005330174928531051,0.7496488213539123,200,216,0.3317307692307692,10,1.0,0.00012628011165361386,0.6482521200180054,0.8650171,0.003151779458535202,0.00046236357477027925,0.09999999999999998,9,-0.0005928067877333769,-6.519227367272702e-06
1775,325000,0.00047255344834411516,0.7495329737663269,200,216,0.47836538461538464,10,1.0,0.00014211995679943356,0.74154421210289,0.97624874,0.0021833256845411597,0.0026568677522300277,0.09999999999999998,8,-0.0014975474234628018,-0.003125380290115313
1775,325000,0.0004760617870488204,0.7495838761329651,200,216,0.39903846153846156,10,1.0,0.00013924406048317905,0.7137114262580871,0.95398045,0.002452019632196425,0.0025796291114238558,0.09999999999999998,9,-0.0015647499245755624,-0.0031211497232213684
1800,330000,0.0004960622551152483,0.7553703188896179,200,216,0.8100961538461539,10,1.0,0.0001116060555796139,0.5770385837554932,0.76995033,0.0018896233268924335,0.00242639304145996,0.09999999999999998,8,-0.005609885777847272,-0.004705655096167551
1800,330000,467.61411051041216,0.6539466977119446,39,48,0.5517241379310345,10,1.0,0.05029738391283899,0.46041632652282716,0.82040775,0.25894295997917655,0.006370298010588158,0.09999999999999998,9,-0.004054236002406999,99.99890268758661
1825,335000,0.00046426447079284117,0.7553088665008545,200,216,0.7884615384615384,10,1.0,9.803519926208537e-05,0.509157310128212,0.6725318,0.0020339453539895656,0.00029338421925785953,0.09999999999999998,8,-0.0036469632119225204,-0.005365607702443049
1825,335000,900.5662895741873,0.6426316142082215,27,40,0.5970149253731343,10,1.0,0.05787081848829985,0.33862773776054383,0.67159045,0.4435385920107365,0.004888860415667296,0.09999999999999998,9,74.99825801787784,99.99845346054936
1850,340000,0.0004826513191801496,0.7548284888267517,200,216,0.7283653846153846,10,1.0,0.00010374320510891266,0.5497064566612244,0.70435953,0.0025885215098151093,0.0010964191243692768,0.09999999999999998,8,-0.00120425249794527,-0.0009530039738049051
1850,340000,193.0923251252272,0.6716252326965332,42,56,0.5714285714285714,10,1.0,0.017835783128684852,0.48613600015640257,0.74779624,0.08362918661907315,0.006226336559629999,0.09999999999999998,9,-0.0022387193341975573,99.99923569180456
1875,345000,0.0004669033543905243,0.7493369221687317,200,216,0.7836538461538461,10,1.0,9.710493905004113e-05,0.5176814192533493,0.6798962,0.00219206374035366,0.005639537276583724,0.09999999999999998,8,-0.004282539341100205,-0.004606422885681339
1875,345000,492.86529958378526,0.6433652400970459,37,48,0.5647058823529412,10,1.0,0.045750615927390756,0.44672549068927764,0.78751385,0.26564905159175395,0.0016123571438947692,0.09999999999999998,9,99.99838463298468,99.998550649692
1900,350000,0.0004888265626505017,0.7499320149421692,200,216,0.59375,10,1.0,0.00014313164101622533,0.7251662075519562,0.94900835,0.002230232813526527,0.005270526852400508,0.09999999999999998,8,-0.0019711837430174215,-0.0008233973070604574
1900,350000,0.0004836903048271779,0.7502591609954834,200,216,0.5528846153846154,10,1.0,0.0001379445698694326,0.7000973689556121,0.92435944,0.0021842287582489917,0.005202794502401957,0.09999999999999998,9,-0.002059922117183686,-0.0007062192890784626
1925,355000,0.0004888801893685013,0.7549392461776734,200,216,0.8485576923076923,10,1.0,0.0001514906699594576,0.777158442735672,1.0370181,0.0025329842390124212,0.0005154246359597892,0.09999999999999998,8,-1.995286128181873e-05,-0.0005165199213038897
1925,355000,0.0004922754793369677,0.7548393249511719,200,216,0.8245192307692307,10,1.0,0.0001405101407726761,0.7148947894573212,0.9785452,0.0027568190754823263,0.0005384192195924697,0.09999999999999998,9,-2.0064586618264086e-05,-0.0005066948049671891
1950,360000,0.0004724381215055473,0.7550793647766113,200,216,0.7091346153846154,10,1.0,0.0001257040254131425,0.6459925436973571,0.82676077,0.002606533149532879,0.0003005308966385201,0.09999999999999998,8,-0.0020813716868137043,-0.0008533198571829733
1950,360000,0.00048541603318881245,0.7547026991844177,200,216,0.7019230769230769,10,1.0,0.00013145264259946997,0.6794407629966736,0.92118394,0.00258497540874032,0.004206694363092538,0.09999999999999998,9,-0.0018629918686520104,-0.0009013658478103066
1975,365000,0.00045951766514917836,0.7554680466651916,200,216,0.7211538461538461,10,1.0,0.00013381118274992333,0.7004347932338715,0.9663881,0.002380870700567357,0.00027586891828832447,0.09999999999999998,8,-0.00018390408817572598,-0.00032390218555940523
1975,365000,0.0004847456926654559,0.7550482153892517,200,216,0.6826923076923077,10,1.0,0.00012823926539567765,0.6605585145950318,0.8562811,0.0030388324933483092,0.0002726379882733454,0.09999999999999998,9,-0.0002230252016516626,-0.00032409030711802185
2000,370000,0.0004470215062610805,0.7487573146820068,200,216,0.6514423076923077,10,1.0,0.00012030643978505395,0.633177456855774,0.844298,0.0023653699071837764,0.004409335336531512,0.09999999999999998,8,-0.0001844604776921568,-0.00027651951847500146
2000,370000,0.0004909299546852708,0.7498366355895996,200,216,0.7956730769230769,10,1.0,0.0001292996080155717,0.6530838918685913,0.8676899,0.0020309241054360426,0.004130575954040978,0.09999999999999998,9,-0.0001960288382961012,-0.0002819084069615819
2025,375000,0.0005079724491224624,0.7547916889190673,200,216,0.7403846153846154,10,1.0,0.00011749005272577052,0.6120417261123657,0.8055049,0.0029010817430844328,0.0005512453581468435,0.09999999999999998,8,-0.0009218584156037656,-0.0016307112299094749
2025,375000,0.0004888577968813479,0.749579918384552,200,216,0.5985576923076923,10,1.0,0.00011467311720480212,0.5885619890689849,0.7893122,0.003022895323679222,0.002008015228639124,0.09999999999999998,9,-0.0010911776560892355,-0.0016135901751650136
2050,380000,0.0004442421151907183,0.7547952055931091,200,216,0.6057692307692307,10,1.0,0.00010834571279701777,0.5696840834617615,0.76552594,0.0026775980159072788,0.002555913718533702,0.09999999999999998,8,-0.0016161624577319478,-0.0015024766900523076
2050,380000,0.00047709293139632793,0.7551752924919128,200,216,0.6538461538461539,10,1.0,0.0001082706575107295,0.5580626928806305,0.74176294,0.0030547825755138547,0.0006141124234272866,0.09999999999999998,9,-0.001898941619893178,-0.0016423899668616803
2075,385000,0.000399180589010939,0.7546814322471619,200,216,0.8125,10,1.0,6.34382598582306e-05,0.35400336027145385,0.4481904,0.0027150367892909344,0.0014816541802429128,0.09999999999999998,8,-0.006227288066721743,-0.0052684459502752605
2075,385000,0.00048797890267451296,0.7492379903793335,200,216,0.8221153846153846,10,1.0,6.78363401311799e-05,0.36802450835704803,0.5144453,0.002270447717121442,0.0005504745351208839,0.09999999999999998,9,-0.00635607062938968,-0.00525289165487705
2100,390000,0.00045159267756389454,0.754653525352478,200,216,0.4254807692307692,10,1.0,0.00012891871192550753,0.6718176972866058,0.8895111,0.0015572863546321968,0.0010686762782279402,0.09999999999999998,8,-0.0007333847006178189,-0.0005986130882343391
2100,390000,0.0004472365617402829,0.754620361328125,200,216,0.5192307692307693,10,1.0,0.00013062885649560484,0.6738717997074127,0.89442635,0.0015419535282012475,0.0010162899586430285,0.09999999999999998,9,-0.0006661924465720495,-0.0005618232038094757
2125,395000,0.0004691807538620196,0.753365671634674,200,216,0.8100961538461539,10,1.0,0.00010750903573352843,0.552114669084549,0.7256564,0.0025666591719527786,0.0026507983251212864,0.09999999999999998,8,-0.011555902915271388,-0.012565595104827283
2125,395000,443.7744692028151,0.7197758197784424,32,48,0.6,10,1.0,0.020234655910171567,0.4053341442346573,0.661378,0.09869000762701034,0.0007589395898685325,0.09999999999999998,9,99.9983843857096,99.9983241816193
2150,400000,0.0004333032702561468,0.7547167539596558,200,216,0.7740384615384616,10,1.0,0.00010622638190397993,0.559286835193634,0.7094508,0.0024159506209207393,0.001686614031350473,0.09999999999999998,8,-0.004137565310278141,-0.005143134642702424
2150,400000,264.67388632298537,0.7226979255676269,46,56,0.5490196078431373,10,1.0,0.012875937413191423,0.5345216339826584,0.8141655,0.054582099849358204,0.0018507736956235022,0.09999999999999998,9,99.99800227561298,99.99883808176477
2175,405000,0.00041784376953728496,0.7540307641029358,200,216,0.8125,10,1.0,0.00013931033608969302,0.7218089544773102,0.96949136,0.002192720606017247,0.00036581120108166945,0.09999999999999998,8,-0.0005896622191628338,-0.00041987443193557914
2175,405000,0.0004028967712656595,0.7538824677467346,200,216,0.6370192307692307,10,1.0,0.00013629469685838558,0.7135361337661743,0.9485935,0.002246744309099995,0.0003434431559799123,0.09999999999999998,9,-0.0006335794408633359,-0.0004230986198600728
2200,410000,0.0004127382431761362,0.7484468698501587,200,216,0.7860576923076923,10,1.0,0.0001347242825431749,0.7010179352760315,0.927178,0.0023456299052918438,0.002222838866582606,0.09999999999999998,8,-0.00040704022478884537,-0.001151127287956538
2200,410000,0.0004780995725013781,0.7533238291740417,200,216,0.8317307692307693,10,1.0,0.00013668262625287752,0.715065804719925,0.96808755,0.0028972995944081957,0.0026329236078163377,0.09999999999999998,9,-0.00039801731627317824,-0.0011439124267413545
2225,415000,0.0004224676340527367,0.75368412733078,200,216,0.7932692307692307,10,1.0,0.00010637592778948601,0.5615245854854584,0.740008,0.0024431869290992836,0.003695119405747391,0.09999999999999998,8,-0.001928648608414374,-0.0014187371911801743
2225,415000,675.9734593347748,0.6963952541351318,45,56,0.5544554455445545,10,1.0,0.04103013609070331,0.45831415951251986,0.79776126,0.3186998464167118,0.001388384209421929,0.09999999999999998,9,-0.0006136910618499499,99.99913354831037
2250,420000,0.0003901160540408455,0.753276252746582,200,216,0.5625,10,1.0,0.0001265882417646935,0.6727446675300598,0.91025484,0.002466007154457657,0.00023656963217945305,0.09999999999999998,8,-0.00022106175246256482,-0.00038376258563553454
2250,420000,0.0004221026298182551,0.7485661149024964,200,216,0.5504807692307693,10,1.0,0.00013089067942928523,0.677287038564682,0.90699923,0.0021139657639309916,0.002546858218702255,0.09999999999999998,9,-0.00022137986420153288,-0.00037872663552555473
2275,425000,0.000443704108329257,0.7485098600387573,200,216,0.8197115384615384,10,1.0,0.00011974533153988887,0.6437630140781403,0.839221,0.0022293996360804157,0.0003928863908004132,0.09999999999999998,8,-0.0007041755210603095,-0.0004541352632536341
2275,425000,0.0004097935809113551,0.748549473285675,200,216,0.6923076923076923,10,1.0,0.00011943708290345967,0.6278715407848359,0.83046836,0.0023754778302418345,0.00037633088573784334,0.09999999999999998,9,-0.0006843218532727508,-0.0004629370831431625
2300,430000,0.0004208193684462458,0.7538630127906799,200,216,0.8581730769230769,10,1.0,7.224560806207592e-05,0.38432820558547975,0.49630326,0.0021041711967791344,0.0031878192791191394,0.09999999999999998,8,-0.008690980204339619,-0.009145782774921141
2300,430000,0.0004589663090882823,0.7539560794830322,200,216,0.8461538461538461,10,1.0,7.861459671403282e-05,0.4108942425251007,0.55752385,0.002190147113751664,0.000962607774999924,0.09999999999999998,9,-0.008620646743075024,-0.009138638099504524
2325,435000,0.0004059642960783094,0.7483509182929993,200,216,0.5504807692307693,10,1.0,0.00011507834613439628,0.5962073373794555,0.7834443,0.0016619645054879583,0.0018162549470434896,0.09999999999999998,8,-0.0008507735695997937,-0.0011447462532084818
2325,435000,0.0004130351095227525,0.7479001760482789,200,216,0.7548076923076923,10,1.0,0.0001130213341821218,0.5900874900817871,0.8061396,0.0029740105808923546,0.0020464208164048614,0.09999999999999998,9,-0.0008355775955657839,-0.0010273381593108324
2350,440000,0.0004000043074483983,0.7484956502914428,200,216,0.3605769230769231,10,1.0,0.00012456226257199888,0.643297152519226,0.857563,0.0019168028163085182,0.0035957832068379504,0.09999999999999998,8,-0.00012978473592639123,-0.0002216233463117804
2350,440000,0.00044437159376684574,0.7526455163955689,200,216,0.47596153846153844,10,1.0,0.00012366318616841454,0.6525698232650757,0.8700811,0.002703451442712321,0.0005640669116837671,0.09999999999999998,9,-0.00012869872814228356,-7.119762215988427e-05
2375,445000,0.0003786965302424505,0.7487919688224792,200,216,0.46153846153846156,10,1.0,0.0001223713321815012,0.6491054773330689,0.8647806,0.0018831171306896977,0.002429931485821726,0.09999999999999998,8,-0.00018476212855107017,-0.00011840143061372574
2375,445000,0.0003839732613414526,0.7483138322830201,200,216,0.5192307692307693,10,1.0,0.00012720690749119966,0.6719681644439697,0.8942211,0.001848553951365375,0.002446531481400598,0.09999999999999998,9,-0.00020661079062721574,-0.0001197661260273882
2400,450000,0.0003794820833718404,0.7488869547843933,200,216,0.3605769230769231,10,1.0,0.00013734456442762166,0.7190151560306549,0.95941067,0.0022235637579080957,0.0030390751016966533,0.09999999999999998,8,-0.0007195907775575918,-0.0010157799464641654
2400,450000,0.0004034297991893254,0.7531468033790588,200,216,0.36538461538461536,10,1.0,0.00014053750921448228,0.7237374675273895,0.9712986,0.0024428790467186444,0.0002847094185926835,0.09999999999999998,9,-0.0007114719697644667,-0.0009712813178007745
2425,455000,0.0003358736168593168,0.7544556736946106,200,216,0.6610576923076923,10,1.0,0.00014918922155629844,0.78767502784729,1.05052,0.0020024100958994494,0.0002726133589385427,0.09999999999999998,8,-0.00301350260208926,-0.003547681064702766
2425,455000,0.00035676554980454964,0.7546331286430359,200,216,0.6225961538461539,10,1.0,0.00014609277197450866,0.7602089190483093,1.0152228,0.0027180016346483172,0.00029363263234699844,0.09999999999999998,9,-0.002979437793066044,-0.0036117881477119164
2450,460000,0.0003728103343746625,0.7544802904129029,200,216,0.8341346153846154,10,1.0,0.00010601657173538115,0.5620744669437409,0.7029252,0.0019888097531338645,0.00013255219853817836,0.09999999999999998,8,-0.0018216157736817278,-0.0015054118247115145
2450,460000,506.89968163203446,0.6614498019218444,44,56,0.56,10,1.0,0.03399812188465148,0.4539139699935913,0.7805742,0.16629598092287778,0.001801529363146983,0.09999999999999998,9,-0.013324329997854944,99.99883564508838
2475,465000,0.0004039558771182783,0.754488492012024,200,216,0.8004807692307693,10,1.0,9.599367185728625e-05,0.48933459758758546,0.66039217,0.002125490473804348,0.001294320555170998,0.09999999999999998,8,-0.007453696112133762,-0.007379857879800967
2475,465000,744.1372886863312,0.713179063796997,30,40,0.5714285714285714,10,1.0,0.02463948408141732,0.44957654654979706,0.7473988,0.13753593053668736,0.001234443895809818,0.09999999999999998,9,99.99862052055938,99.99807471791168
2500,470000,0.0004111135349376127,0.749610447883606,200,216,0.8173076923076923,10,1.0,9.886083797027822e-05,0.5225109678506851,0.6678719,0.0020807382578277613,0.00021226574794127372,0.09999999999999998,8,-0.010704900337932768,-0.008482338739098622
2500,470000,0.00042008990130852907,0.7498743176460266,200,216,0.8197115384615384,10,1.0,9.145244999672286e-05,0.4764544677734375,0.62404996,0.0021673999080883276,0.0005382219947205158,0.09999999999999998,9,-0.010398483530829521,-0.008443966233991698
2525,475000,0.0003788479923969135,0.7503498077392579,200,216,0.8125,10,1.0,0.000144383731749258,0.7492698359489441,1.0039823,0.002605629708049264,0.0039487880935485005,0.09999999999999998,8,-0.000579913742855422,-0.0003929422408217046
2525,475000,0.0003361354691151064,0.7500394105911254,200,216,0.6394230769230769,10,1.0,0.00013875506083422807,0.7456305277347565,0.9961063,0.0018749200721026682,0.004037363858806202,0.09999999999999998,9,-0.0004913893103829311,-0.0005695558547407196
2550,480000,0.0003893135202815756,0.7546707510948181,200,216,0.8125,10,1.0,8.796541296760552e-05,0.4687872463464737,0.6479119,0.0019813527674455143,0.00020373543520690873,0.09999999999999998,8,-0.003799425841563584,-0.005443952991336217
2550,480000,0.00039409603487001733,0.7547033667564392,200,216,0.8269230769230769,10,1.0,8.533542495570146e-05,0.4590390318632126,0.6045778,0.001917647596990264,0.0001329838568562991,0.09999999999999998,9,-0.0025858162351216135,-0.005251191040998701
2575,485000,0.0003426341914746445,0.7497852563858032,200,216,0.6129807692307693,10,1.0,0.00013116642367094755,0.6951472282409668,0.9186269,0.0017283179671426297,0.0022959854878718032,0.09999999999999998,8,-0.0001536767745292266,-0.00010945888690370768
2575,485000,0.00042003704875241964,0.7539687037467957,200,216,0.41346153846153844,10,1.0,0.00012691757670836524,0.671737654209137,0.8999221,0.0026311935362150506,0.0004005063206932391,0.09999999999999998,9,-0.0002097371677749642,-0.00011020373685286463
2600,490000,0.0003912361484253779,0.7542658686637879,200,216,0.7620192307692307,10,1.0,0.00011202373090782203,0.5858539760112762,0.7627183,0.002420679949248097,0.0006229192085447722,0.09999999999999998,8,-0.0025196425070106707,-0.0023098304297814024
2600,490000,432.2104848603165,0.7099430203437805,61,72,0.5112781954887218,10,1.0,0.03293051174143329,0.5087823754549027,0.8529776,0.1590350765362382,0.000551319556107046,0.09999999999999998,9,99.99862453193516,99.99921702491052
2625,495000,0.00031704463763162496,0.7494434714317322,200,216,0.35096153846153844,10,1.0,0.0001239859669294674,0.6706904900074006,0.8891798,0.0014711177583080826,0.0021291451423894616,0.09999999999999998,8,-0.000523028444791424,-0.00028431893832965127
2625,495000,0.0003289539774414152,0.7498391389846801,200,216,0.3581730769230769,10,1.0,0.00012368198040348943,0.6676964139938355,0.8797054,0.0016371315690571465,0.0021440243753022515,0.09999999999999998,9,-0.000521741278345527,-0.0002851489277454365
2650,500000,0.0003464903711574152,0.7541227579116822,200,216,0.3629807692307692,10,1.0,0.0001240904306905577,0.6701088786125183,0.88698494,0.0016573694472208445,0.00012949442803801504,0.09999999999999998,8,-3.1379114301828022e-06,-2.4424185817794222e-05
2650,500000,0.0003726730661583133,0.75412358045578,200,216,0.36538461538461536,10,1.0,0.00012690749688772484,0.6728978979587555,0.89244974,0.00158704665522464,0.00012652741284910007,0.09999999999999998,9,-1.6320495699053397e-06,-2.444790112455568e-05
2675,505000,0.000345616573758889,0.7544522166252137,200,216,0.37259615384615385,10,1.0,0.00012527290477009956,0.6669123363494873,0.8913151,0.00231288385108428,0.0013556751288706437,0.09999999999999998,8,-5.609171463165415e-06,-3.401682522233607e-05
2675,505000,0.00034890350652858613,0.7547465682029724,200,216,0.3581730769230769,10,1.0,0.00012578867492266,0.6687403047084808,0.89697057,0.002402531596958397,0.0014354837239079644,0.09999999999999998,9,-2.4901791206322952e-06,-3.497328069829234e-05
2700,510000,0.0003870526328682899,0.753892719745636,200,216,0.6634615384615384,10,1.0,0.00011711071114405058,0.612627637386322,0.8142584,0.0024714656014293724,0.00015037156115795368,0.09999999999999998,8,-0.0021441907354269505,-0.001847499149577382
2700,510000,0.0003138482075883076,0.7547640681266785,200,216,0.71875,10,1.0,0.00011943192504986654,0.623395140171051,0.8236599,0.0019075588393343424,0.00013844303057339858,0.09999999999999998,9,-0.0022001955487784743,-0.0019732031705239138
2725,515000,0.00029210697975941003,0.7493288397789002,200,216,0.5168269230769231,10,1.0,0.00012554831395391374,0.6770677137374878,0.89977586,0.0018156823043398163,0.0022822589775023517,0.09999999999999998,8,-0.00014115844375001856,-0.00012462686169010975
2725,515000,0.0003243382860091515,0.7494625806808471,200,216,0.38221153846153844,10,1.0,0.00012756506555888336,0.6750779485702515,0.9001665,0.0013505762312922798,0.0019414722007059027,0.09999999999999998,9,-0.00013555185731218506,-0.00012596093588464912
2750,520000,0.0004151325629209168,0.7550890803337097,200,216,0.8125,10,1.0,7.84931521047838e-05,0.42443353950977325,0.55443555,0.001912254583195363,0.00017113012498157332,0.09999999999999998,8,-0.0060002653542747635,-0.006059261342109442
2750,520000,0.00040628921269671994,0.7552640914916993,200,216,0.8076923076923077,10,1.0,7.670988008612767e-05,0.41548473060131075,0.5397334,0.002097719955802404,0.00017050888744051917,0.09999999999999998,9,-0.005936659566713497,-0.006059865643530746
2775,525000,0.00035404692025622355,0.750172233581543,200,216,0.3317307692307692,10,1.0,0.0001200614756817231,0.645501754283905,0.85837376,0.0018158021953331627,0.0009152756273397244,0.09999999999999998,8,-1.831985512286966e-05,-0.00010879399051266733
2775,525000,0.00033772329334169626,0.7499308943748474,200,216,0.3605769230769231,10,1.0,0.00012009109021164477,0.6507349526882171,0.86673373,0.0017566840416316154,0.0011445020871178712,0.09999999999999998,9,-2.7540762750136476e-05,-0.00010906807805811221
2800,530000,0.00036445740552153437,0.7496442317962646,200,216,0.7524038461538461,10,1.0,8.710607013199478e-05,0.46661171078681946,0.6315891,0.0017917738929736516,0.00034267958679265573,0.09999999999999998,8,-0.004226257521906912,-0.004618265001778459
2800,530000,0.0003414560022065416,0.74974125623703,200,216,0.7620192307692307,10,1.0,8.574934705393389e-05,0.4612769216299057,0.5982966,0.0015967857297005139,0.0029941122408490626,0.09999999999999998,9,-0.0040862524099483525,-0.004615037747884793
2825,535000,0.0003116775769740343,0.7500492095947265,200,216,0.3485576923076923,10,1.0,0.000123578689963324,0.6569868612289429,0.8783903,0.001970745058108605,0.003209327415534062,0.09999999999999998,8,-9.533067829774607e-05,-1.556863864371489e-05
2825,535000,0.0003520050668157637,0.7495243430137635,200,216,0.3173076923076923,10,1.0,0.0001243887117743725,0.6542041385173798,0.86455756,0.0019231175699144388,0.0002889230728760595,0.09999999999999998,9,-9.31346097823728e-05,-3.2933665450549015e-06
2850,540000,0.0003095029853284359,0.7537708044052124,200,216,0.7307692307692307,10,1.0,0.00014846624588244595,0.7828029704093933,1.0243675,0.0013468238822679267,0.003756756317743566,0.09999999999999998,8,-0.000978361635397282,-0.0035390194273435807
2850,540000,405.39617286007854,0.6675644993782044,50,64,0.543859649122807,10,1.0,0.03143918681424111,0.4743279564380646,0.7977885,0.15243307285010815,0.0008145729392708745,0.09999999999999998,9,-0.0035158854552552457,99.99912610513648
2875,545000,0.0003030249878065661,0.7502943515777588,200,216,0.5024038461538461,10,1.0,0.0001344488462927984,0.7085662376880646,0.9358865,0.001650555283263202,0.001712118331925012,0.09999999999999998,8,-0.00394711868315757,-0.00438795025605442
2875,545000,0.00031873118350631555,0.7499118328094483,200,216,0.43028846153846156,10,1.0,0.00013331248788745143,0.6910717618465424,0.9172224,0.001907705595384641,0.0018977820743748452,0.09999999999999998,9,-0.003775129990949808,-0.003975243029530255
2900,550000,0.0003027050464879721,0.7545148491859436,200,216,0.5841346153846154,10,1.0,0.0001281145909888437,0.6778222727775574,0.90969753,0.0018582550315545633,0.0017142523852817248,0.09999999999999998,8,-0.0037164540846442917,-0.002443295634693056
2900,550000,0.0003205717905075289,0.7541929483413696,200,216,0.5480769230769231,10,1.0,0.00012839673705457245,0.6755487430095672,0.8907939,0.0017246199307533062,0.0005335963009565604,0.09999999999999998,9,99.99906310628344,-0.0025204758430469676
2925,555000,0.0003014388959854841,0.7497244954109192,200,216,0.7908653846153846,10,1.0,9.824865082919132e-05,0.5243154966831207,0.7140974,0.0019787405397801196,0.002156647335286834,0.09999999999999998,8,-0.002198884035565924,-0.0028002153052878076
2925,555000,579.2995320845105,0.6819881796836853,35,48,0.5783132530120482,10,1.0,0.029590146988630293,0.42637097716331485,0.729427,0.16530440028756857,0.0028812855083378964,0.09999999999999998,9,99.99859401874454,99.9988341206424
2950,560000,0.0003110825644398574,0.7497516512870789,200,216,0.8365384615384616,10,1.0,0.00013397024828009307,0.7022896194458008,0.9425062,0.0015652472430144825,0.004618986180867068,0.09999999999999998,8,-0.0003365580304063421,-0.00027002200605628804
2950,560000,0.00033510830253362655,0.7496691584587097,200,216,0.8173076923076923,10,1.0,0.00012988332069653553,0.684659276008606,0.877124,0.0021037160189302994,0.003923506040882785,0.09999999999999998,9,-0.0003542042761226883,-0.00020290518718276053
2975,565000,0.00034306390734855085,0.7536286473274231,200,216,0.8076923076923077,10,1.0,0.00013460068039421457,0.7078431832790375,0.9370449,0.0019039365441585686,0.0002675273720524274,0.09999999999999998,8,-0.0007890466237705583,-0.0003753530482269367
2975,565000,0.0003389215169590898,0.7504141688346863,200,216,0.8052884615384616,10,1.0,0.00013312068229424768,0.695499234199524,0.9022449,0.002405534166607595,0.0042699403266306035,0.09999999999999998,9,-0.001158937286636677,-0.00033996672393374106
3000,570000,0.00035553560956032016,0.7546998500823975,200,216,0.8341346153846154,10,1.0,8.463491052680183e-05,0.45758779168128966,0.5916335,0.0019217574926142333,0.00029420631959510503,0.09999999999999998,8,-0.009106462371267197,-0.008956912444729724
3000,570000,0.00035680324144777843,0.7545508980751038,200,216,0.8293269230769231,10,1.0,8.433542345301248e-05,0.4530283457040787,0.59471,0.0019550336839370174,0.00026034499878733184,0.09999999999999998,9,-0.00923841483405198,-0.008937016957727254
3025,575000,0.000304320830036886,0.7502090334892273,200,216,0.38221153846153844,10,1.0,0.00012197160547657404,0.6694653522968292,0.88665074,0.001668573847400694,0.0017772815562784672,0.09999999999999998,8,-0.0005322754130659498,-1.2898013630150474e-05
3025,575000,0.00031448320150957444,0.7498812317848206,200,216,0.5216346153846154,10,1.0,0.00012346547147899401,0.6754858362674713,0.88881385,0.0014893227667630527,0.003705454570008442,0.09999999999999998,9,-0.0006245078696849716,-8.884088008394567e-05
3050,580000,0.0003505475979181938,0.753831422328949,200,216,0.5865384615384616,10,1.0,0.000123484531941358,0.6514756798744201,0.8649546,0.0019402069279863098,0.0002959210778499255,0.09999999999999998,8,-8.566228378456018e-06,-0.00021855259117511077
3050,580000,0.00035084188129985705,0.7537721633911133,200,216,0.5264423076923077,10,1.0,0.00012487037645769305,0.660899246931076,0.87932855,0.0019041574171467345,0.0002623648899316322,0.09999999999999998,9,-7.1449729467279275e-06,-0.00019821637412354765
3075,585000,0.0002622293526655994,0.7539142847061158,200,216,0.7163461538461539,10,1.0,0.00011505441827466711,0.6348176407814026,0.83482015,0.0018568783304954194,0.0008033255927148275,0.09999999999999998,8,-0.0010020857070229911,-0.0013110454682193988
3075,585000,0.0003338362570502795,0.7535636067390442,200,216,0.6346153846153846,10,1.0,0.0001183592345478246,0.6372214615345001,0.83020514,0.0023252840872055457,0.0002738910355401458,0.09999999999999998,9,-0.0009595872827764062,-0.0013123316345601788
3100,590000,0.00031530986598227173,0.7540563702583313,200,216,0.41586538461538464,10,1.0,0.00013157049157598523,0.7020877730846405,0.9321159,0.0018575438289144585,0.0003423016559827374,0.09999999999999998,8,-0.0024036509474501273,-0.0016875741307122816
3100,590000,0.0003154090431053191,0.7543079495429993,200,216,0.47596153846153844,10,1.0,0.00012845285884395706,0.6866356551647186,0.9124495,0.0018003550899345555,0.00035522747348295527,0.09999999999999998,9,24.997762780584523,-0.0017221006148884675
3125,595000,0.0002852454344974831,0.7545886039733887,200,216,0.5408653846153846,10,1.0,0.00012770345303579235,0.6936435353755951,0.92895067,0.0019703092944246235,0.0008280685904901475,0.09999999999999998,8,-0.002286213102665936,-0.0030778093724990034
3125,595000,270.34562530517576,0.6673175454139709,120,136,0.453125,10,1.0,0.024746220626984724,0.5511853384971619,0.87081623,0.12746410416439174,0.004008904032816645,0.09999999999999998,9,74.99825411202703,99.99812998594844
3150,600000,0.0003567645588191226,0.7545377731323242,200,216,0.8269230769230769,10,1.0,9.771879565960262e-05,0.5167827391624451,0.6821612,0.0022804945776533714,0.0006340526710846462,0.09999999999999998,8,-0.008301872453364691,-0.005766825145143139
3150,600000,0.0003530833055265248,0.7509818792343139,200,216,0.8461538461538461,10,1.0,9.587611100869253e-05,0.509652932882309,0.6838368,0.001770141900183262,0.00272462615990662,0.09999999999999998,9,-0.008215049838007417,-0.0057678865654624
3175,605000,0.00030502474546665324,0.7505258917808533,200,216,0.6850961538461539,10,1.0,0.0001105977736733621,0.5842603373527527,0.786373,0.001542716821770682,0.001996142416028306,0.09999999999999998,8,-0.0044876070510608285,-0.003468244691985328
3175,605000,0.0002937314406153746,0.7505420446395874,200,216,0.7451923076923077,10,1.0,0.00011187442200025544,0.5923231720924378,0.79772854,0.0014681395415504994,0.0010267773240775569,0.09999999999999998,9,-0.004530021937430048,-0.003476656496651826
3200,610000,0.00032943503319984304,0.7545233130455017,200,216,0.7235576923076923,10,1.0,0.00010624042952258605,0.566091022491455,0.75043875,0.0017053146532566643,0.0008011094737958046,0.09999999999999998,8,-0.005380708234909578,-0.004621522980296192
3200,610000,0.00032806278031785043,0.7551457047462463,200,216,0.7692307692307693,10,1.0,0.00010490352316992357,0.555425592660904,0.7461128,0.0016230738114802535,0.0006777167134350748,0.09999999999999998,9,-0.005452910389413224,-0.004587249854005526
3225,615000,0.000295135157648474,0.7547178506851197,200,216,0.5192307692307693,10,1.0,0.00012809397543605882,0.6862411046028137,0.90933657,0.0014422856646388027,0.001545620819015312,0.09999999999999998,8,-0.000740759625999027,-0.001004587597790532
3225,615000,0.00030907424370525406,0.7542555212974549,200,216,0.43990384615384615,10,1.0,0.00013398154347669334,0.7167333114147186,0.9506048,0.0018040956168124467,0.001165828222729033,0.09999999999999998,9,-0.0005965128481944907,-0.0007658863694894906
3250,620000,0.00029747693333774804,0.7500939130783081,200,216,0.6009615384615384,10,1.0,0.00011167866694449912,0.6015697813034058,0.7878992,0.0011268950644648611,0.001096826936045545,0.09999999999999998,8,-0.0021082139444067705,-0.001929512046676656
3250,620000,0.00029037673957645895,0.7502018809318542,200,216,0.6514423076923077,10,1.0,0.00011358548697899096,0.6136771631240845,0.82305974,0.0012037271580743437,0.0011728535014844965,0.09999999999999998,9,-0.001836152392158851,-0.00198993060454777
3275,625000,0.00031170319125521927,0.7506208658218384,200,216,0.6730769230769231,10,1.0,0.00010655842008418404,0.5711552953720093,0.7497574,0.0022474163846118245,0.00038143450816278344,0.09999999999999998,8,-0.003346287653069573,-0.0029406311241244286
3275,625000,0.0003270561181125231,0.7503900289535522,200,216,0.6418269230769231,10,1.0,0.00010534146793361287,0.5675921225547791,0.7482041,0.0019542525869928797,0.001531822114411625,0.09999999999999998,9,-0.0036967324476837047,-0.0029383697342622015
3300,630000,0.000289617755333893,0.7506945371627808,200,216,0.5192307692307693,10,1.0,0.00011847921232401858,0.6410892164707184,0.8547023,0.0015434275631173477,0.001532892285831622,0.09999999999999998,8,-0.0005973431200540344,-0.00041898484776781326
3300,630000,0.00032113787237904036,0.7516180515289307,200,216,0.6105769230769231,10,1.0,0.00012006168537482154,0.6429878127574921,0.8488693,0.0016384645844823354,0.0012948930062702856,0.09999999999999998,9,-0.0006146058455093253,-0.0004058792496516297
3325,635000,0.00031341590074589475,0.75531907081604,200,216,0.8293269230769231,10,1.0,8.659105275000911e-05,0.47404207944869997,0.6150368,0.0015432291375668684,0.001770169687224552,0.09999999999999998,8,-0.006948109000398412,-0.010344777533793264
3325,635000,0.00032352762937080113,0.7550858378410339,200,216,0.8125,10,1.0,9.003840925288387e-05,0.4894526720046997,0.66313064,0.0017311938336149525,0.0020557967024797106,0.09999999999999998,9,-0.006863034073209048,-0.010335848771674391
